url,
https://stackoverflow.com/jobs/552731/data-scientist-jpmorgan-chase-bank-na,
https://stackoverflow.com/jobs/537934/data-scientist-performance-media-horizon-media,
https://stackoverflow.com/jobs/553220/senior-data-science-engineer-jpmorgan-chase-bank-na,
https://stackoverflow.com/jobs/554193/global-technology-vp-data-scientist-lead-jpmorgan-chase-bank-na,
https://stackoverflow.com/jobs/523805/data-scientist-machine-learning-evaluation-mcd-tech-labs,
https://stackoverflow.com/jobs/547937/lead-data-scientist-tessian,
https://stackoverflow.com/jobs/552929/data-scientist-corporate-technology-jpmorgan-chase-bank-na,
https://stackoverflow.com/jobs/504258/data-scientist-hopper,
https://stackoverflow.com/jobs/499628/senior-data-scientist-data-foundation-spotify,
https://stackoverflow.com/jobs/537053/data-scientist-masters-degree-the-procter-gamble-company,
https://stackoverflow.com/jobs/554411/senior-data-scientist-clevertech,
https://stackoverflow.com/jobs/552046/senior-data-scientist-styleseat,
https://stackoverflow.com/jobs/515357/data-scientist-network-analysis-and-control-mitre
https://stackoverflow.com/jobs/512978/lead-data-scientist-assurance